County,City,EV_Count,Avg_Range,Avg_MSRP,Longitude,Latitude,Charging_Score
King,Seattle,39768,172.6144,59311.1934,-122.338,47.6309,19884.86
King,Bellevue,12202,188.7518,64703.2123,-122.1415,47.6009,6101.88
Clark,Vancouver,9322,162.5425,59576.3375,-122.595,45.6621,4661.82
King,Redmond,8653,189.6672,62741.2952,-122.1067,47.6817,4327.39
King,Kirkland,7163,185.0123,64439.0444,-122.2163,47.6979,3582.37
King,Sammamish,7021,191.8534,64422.176,-122.0244,47.6008,3511.39
King,Renton,6893,168.7618,49153.4395,-122.1562,47.471,3447.41
Snohomish,Bothell,6516,191.3077,61353.3811,-122.1993,47.8211,3258.9
Thurston,Olympia,5956,167.4788,57152.1329,-122.8753,47.037,2978.85
Pierce,Tacoma,5569,167.7285,58605.6188,-122.4542,47.2392,2785.34
King,Kent,4278,183.9016,60893.7879,-122.1743,47.3803,2139.88
Spokane,Spokane,4208,159.674,60263.3228,-117.4058,47.667,2104.81
Whatcom,Bellingham,4186,158.1565,55327.5908,-122.4739,48.7648,2093.84
Snohomish,Lynnwood,4094,188.542,57888.342,-122.2833,47.8415,2047.91
Snohomish,Everett,3937,176.5847,55348.4034,-122.2158,47.9179,1969.39
King,Issaquah,3753,190.7511,63738.2197,-122.0203,47.5382,1877.39
King,Mercer Island,2988,181.4515,68229.6518,-122.2124,47.5782,1494.84
Snohomish,Snohomish,2887,181.6865,62461.6827,-122.1182,47.8898,1444.37
King,Woodinville,2827,181.7743,61796.4493,-122.154,47.7542,1414.37
Pierce,Gig Harbor,2745,174.3989,62600.8727,-122.5944,47.3403,1373.34
King,Shoreline,2720,173.3529,58359.6579,-122.3445,47.7319,1360.86
Snohomish,Edmonds,2641,171.7997,60903.0193,-122.3397,47.849,1321.34
King,Auburn,2565,178.7591,60595.2793,-122.207,47.3128,1283.37
Kitsap,Bainbridge Island,2260,160.5358,59655.8964,-122.521,47.6273,1130.82
King,Federal Way,2258,180.0527,61794.1216,-122.3453,47.3057,1129.86
King,Maple Valley,2187,187.4609,60880.7087,-122.0444,47.3939,1094.39
Clark,Camas,2177,173.7712,61333.151,-122.402,45.5869,1089.35
Snohomish,Lake Stevens,2129,184.3152,63346.8898,-122.064,48.015,1065.37
Pierce,Puyallup,2112,172.027,57623.6752,-122.2896,47.1542,1056.86
Snohomish,Marysville,2046,184.2854,59128.6239,-122.1743,48.0754,1023.89
Kitsap,Bremerton,1993,167.6267,57977.621,-122.6316,47.5873,997.35
King,Bothell,1737,181.5377,57584.7196,-122.2044,47.7609,869.39
King,Seatac,1728,140.7662,49302.4,-122.3126,47.4483,864.83
Kitsap,Port Orchard,1683,166.8562,58607.6111,-122.6639,47.5213,842.34
Pierce,Bonney Lake,1532,181.7722,60271.1364,-122.1714,47.1918,766.88
King,Kenmore,1436,180.2187,63179.6386,-122.2437,47.7589,718.86
Benton,Richland,1431,164.1803,60153.6957,-119.2724,46.2852,716.33
Thurston,Lacey,1414,169.4908,56575.9877,-122.793,47.0525,707.86
King,Tukwila,1393,141.6123,46422.9167,-122.3037,47.4618,697.36
Benton,Kennewick,1375,165.8945,62331.25,-119.2021,46.2014,688.32
King,Burien,1341,178.0455,57948.3333,-122.3426,47.4813,671.38
Clark,Ridgefield,1301,172.9231,61902.2727,-122.746,45.8154,651.34
King,Newcastle,1237,193.0162,67797.0513,-122.1677,47.4941,619.37
King,Snoqualmie,1228,187.9031,62366.7333,-121.8271,47.5289,614.88
Pierce,Lakewood,1194,177.83,58468.7931,-122.5328,47.1623,597.88
Snohomish,Monroe,1146,181.1065,63497.1,-121.9809,47.8526,573.86
Yakima,Yakima,1092,159.4808,62086.7105,-120.5509,46.5935,546.8
Snohomish,Mukilteo,1081,181.173,63418.6184,-122.292,47.8991,541.36
Spokane,Spokane Valley,1064,145.2039,47940.0,-117.2332,47.6648,532.85
Kitsap,Poulsbo,1046,159.3901,58866.5909,-122.6467,47.7369,523.82
Snohomish,Mill Creek,1000,183.586,60351.8056,-122.2106,47.8345,500.88
King,North Bend,993,186.9476,62954.5455,-121.7833,47.4936,497.38
Pierce,University Place,971,168.243,57385.6494,-122.5345,47.2221,486.35
Skagit,Mount Vernon,969,174.9567,59601.1333,-122.3319,48.4161,485.36
Thurston,Tumwater,959,168.1303,56729.875,-122.8997,47.0299,480.36
Franklin,Pasco,959,174.7956,65515.6716,-119.0947,46.2354,480.33
Skagit,Anacortes,935,163.2385,63301.4865,-122.6121,48.5175,468.31
King,Lake Forest Park,906,170.074,59161.7164,-122.3175,47.7578,453.85
Clark,Battle Ground,882,166.3039,59239.0179,-122.5331,45.7809,441.84
Snohomish,Arlington,872,176.0229,61453.6957,-122.1264,48.1947,436.85
King,Covington,869,186.0104,60643.2955,-122.0912,47.3378,435.39
King,Duvall,852,184.0716,61798.2292,-121.986,47.7401,426.88
King,Vashon,831,152.1564,57378.8983,-122.4573,47.4493,416.31
Pierce,South Hill,827,176.3108,59854.3478,-122.2912,47.1283,414.36
Clallam,Sequim,816,155.0564,58767.9464,-123.1037,48.0796,408.81
Jefferson,Port Townsend,812,152.8325,57852.0192,-122.7726,48.1211,406.8
King,Des Moines,778,169.2416,60377.7586,-122.322,47.4064,389.84
Clark,Washougal,739,164.7321,59649.6269,-122.3534,45.5792,370.33
Island,Oak Harbor,715,156.1874,55323.6,-122.6469,48.2908,358.33
Island,Camano Island,670,177.7313,63957.8689,-122.4005,48.2399,335.85
Snohomish,Mountlake Terrace,668,175.0539,56625.5,-122.3111,47.788,334.88
Pierce,Spanaway,664,168.5331,57838.5526,-122.4105,47.0651,332.85
Clallam,Port Angeles,664,153.3464,51115.0,-123.4401,48.1215,332.85
Snohomish,Stanwood,650,174.3262,64827.75,-122.3723,48.2414,325.83
Chelan,Wenatchee,640,175.3688,64723.1481,-120.3052,47.4149,320.84
Mason,Shelton,594,160.5219,55469.1304,-123.1056,47.2125,297.84
Whatcom,Blaine,575,170.1043,63652.7273,-122.7489,48.994,288.32
Kitsap,Silverdale,552,174.9801,55576.7568,-122.6937,47.6543,276.88
San Juan,Friday Harbor,550,159.62,64672.069,-123.0165,48.5345,275.79
Whatcom,Ferndale,538,167.3829,65209.5714,-122.5945,48.8479,269.81
Walla Walla,Walla Walla,534,150.0468,59229.3478,-118.3426,46.0707,267.79
Pierce,Graham,532,165.032,57417.75,-122.2948,47.057,266.84
King,Black Diamond,503,192.9503,61973.7097,-122.0057,47.3101,252.4
Grant,Moses Lake,495,157.1535,59817.375,-119.2771,47.132,248.31
Pierce,Lake Tapps,490,185.949,65364.7826,-122.1714,47.1918,245.86
King,Carnation,482,180.9461,59699.2105,-121.9154,47.6497,241.88
Cowlitz,Longview,467,159.6981,59387.3333,-122.9506,46.1468,234.32
King,Enumclaw,463,171.3909,60845.0,-121.9914,47.2043,232.34
Thurston,Yelm,458,164.8297,55389.7826,-122.6074,46.9424,229.86
Douglas,East Wenatchee,424,170.9316,62551.0,-120.2947,47.4152,212.83
Kittitas,Ellensburg,421,175.924,55152.7083,-120.5487,46.997,211.39
Pierce,Edgewood,419,183.3675,58579.1071,-122.2894,47.1927,210.39
King,Medina,417,194.0743,71389.3662,-122.2389,47.6161,209.36
Whitman,Pullman,407,154.1671,60721.1111,-117.1815,46.7302,204.29
King,Clyde Hill,406,200.8103,69245.9615,-122.1872,47.61,203.89
Clark,Brush Prairie,400,166.375,67971.7045,-122.5458,45.7347,200.79
Pierce,Buckley,392,175.5102,60350.4545,-122.0252,47.163,196.86
Spokane,Liberty Lake,388,168.7784,69575.4762,-117.1017,47.6683,194.79
Lewis,Centralia,379,106.715,42050.0,-122.9527,46.729,190.3
Pierce,Auburn,373,185.5764,62819.7727,-122.1821,47.3199,187.38
Chelan,Leavenworth,370,176.9297,61962.6667,-120.6574,47.5981,185.85
Kitsap,Kingston,368,166.9891,56431.0714,-122.5001,47.797,184.86
Skagit,Burlington,363,183.7438,54389.5455,-122.3303,48.4685,182.42
Benton,West Richland,359,164.2201,60017.8846,-119.3388,46.2969,180.33
San Juan,Eastsound,359,144.2451,52844.5161,-122.9111,48.6939,180.31
Island,Langley,347,165.804,63218.3333,-122.4065,48.0398,174.31
Whatcom,Lynden,343,165.9067,60968.3333,-122.4508,48.9429,172.33
Snohomish,Brier,341,170.4721,55938.4,-122.2924,47.8256,171.37
King,Normandy Park,341,172.6657,59908.1034,-122.3401,47.4632,171.35
Island,Clinton,332,168.741,60865.8333,-122.358,47.9796,166.83
Kittitas,Cle Elum,329,188.0669,68845.8333,-120.9394,47.195,165.35
Lewis,Chehalis,320,158.1719,59844.1304,-122.9639,46.6619,160.81
Island,Coupeville,316,164.3987,55777.2917,-122.6848,48.2177,158.85
King,Fall City,308,181.4448,59026.6667,-121.8909,47.5681,154.88
Snohomish,Sultan,303,188.9043,59682.5,-121.8169,47.8623,152.4
Pierce,Fife,302,161.1556,52603.3929,-122.3569,47.2368,151.86
Pierce,Fox Island,286,170.3497,62034.4118,-122.6511,47.2738,143.83
Pierce,Sumner,279,184.4409,51948.125,-122.2397,47.2022,140.44
Skagit,Sedro-Woolley,273,156.63,52411.3043,-122.2386,48.5086,137.35
Clark,La Center,268,170.5299,62009.7826,-122.6725,45.8616,134.83
Cowlitz,Kelso,264,167.9924,62929.0,-122.8987,46.1442,132.82
Pierce,Dupont,261,160.567,57205.3125,-122.6295,47.0958,131.33
Island,Freeland,261,158.8314,59856.0,-122.5266,48.0096,131.31
Snohomish,Woodinville,258,184.1473,56515.2,-122.1382,47.7544,129.91
Pierce,Orting,258,171.8605,52437.1053,-122.2017,47.096,129.9
Spokane,Cheney,243,165.3539,55937.0588,-117.5743,47.4918,122.35
Grays Harbor,Aberdeen,236,156.0,59611.5625,-123.8162,46.9761,118.8
Jefferson,Port Ludlow,228,163.5746,59499.5833,-122.6848,47.9299,114.83
Spokane,Greenacres,227,173.1718,66256.25,-117.174,47.6567,114.32
Chelan,Chelan,224,186.4598,73696.6129,-120.0145,47.8398,112.83
Klickitat,White Salmon,222,170.527,59319.3333,-121.486,45.7276,111.85
Pierce,Steilacoom,219,166.9772,66980.7143,-122.598,47.173,110.3
Pierce,Fircrest,216,180.75,59482.381,-122.5317,47.2345,108.88
Mason,Belfair,212,166.4151,60506.4286,-122.828,47.45,106.83
Snohomish,Granite Falls,206,173.3398,61590.8333,-121.9693,48.0816,103.84
Cowlitz,Woodland,202,161.495,57938.25,-122.7402,45.9094,101.83
Grays Harbor,Ocean Shores,199,151.7236,64205.0,-124.1641,47.0116,100.27
Pierce,Eatonville,194,166.6804,56474.6667,-122.2683,46.8673,97.85
Pierce,Roy,187,168.9091,63198.75,-122.5433,47.0033,94.32
Spokane,Colbert,187,163.2032,62519.5,-117.3547,47.8369,94.31
San Juan,Lopez Island,178,141.8652,63266.25,-122.9139,48.5234,89.74
Cowlitz,Kalama,174,178.8391,61294.0909,-122.8423,46.0081,87.86
King,Yarrow Point,164,188.75,71776.9231,-122.1872,47.61,82.84
Pierce,Joint Base Lewis Mcchord,156,169.3846,49677.5,-122.6069,47.0883,78.91
Skagit,Bow,153,165.183,55948.1818,-122.397,48.5605,77.35
Thurston,Rochester,152,162.7105,48539.2857,-123.0874,46.8218,76.9
Pierce,Parkland,152,164.9539,56608.8889,-122.3775,47.0966,76.85
Yakima,Selah,152,169.4474,68732.0588,-120.5314,46.654,76.8
Okanogan,Winthrop,150,174.4867,56944.5455,-120.1786,48.474,75.87
Grant,Quincy,150,178.8667,67526.8182,-119.8534,47.2375,75.83
Kitsap,Olalla,144,186.4444,65572.2222,-122.5473,47.426,72.86
Skagit,La Conner,136,162.7721,63650.0,-122.4972,48.3887,68.8
Kitsap,Seabeck,136,166.5074,73175.0,-122.8159,47.6451,68.77
Pierce,Lakebay,132,170.5,53397.8571,-122.7549,47.2504,66.89
King,Ravensdale,130,180.6615,65510.0,-121.9862,47.3555,65.85
Snohomish,Woodway,126,172.6825,60703.2143,-122.3769,47.8112,63.85
Pierce,Milton,124,175.2903,55399.0,-122.3217,47.249,62.89
Thurston,Tenino,124,159.8548,67966.6667,-122.8514,46.8575,62.77
Grant,Ephrata,122,154.5164,49820.0,-119.551,47.3191,61.86
Cowlitz,Castle Rock,121,174.0248,59931.6667,-122.9072,46.2751,61.36
King,Pacific,119,165.5042,51193.8462,-122.2466,47.2654,60.39
Spokane,Mead,115,161.2174,50139.2857,-117.3558,47.7647,58.38
Chelan,Manson,114,175.4561,65516.6667,-120.1603,47.8854,57.83
Island,Greenbank,110,172.4273,62186.6667,-122.5682,48.0883,55.84
Grays Harbor,Montesano,110,157.7364,67425.0,-123.6008,46.9838,55.77
Whatcom,Everson,109,178.0734,54416.6667,-122.3453,48.9201,55.4
Mason,Allyn,109,171.1743,61640.0,-122.8298,47.3817,55.34
Benton,Prosser,109,174.7156,66162.5,-119.769,46.2066,55.33
Yakima,Sunnyside,105,165.5333,59931.6667,-120.0098,46.3238,53.33
Benton,Benton City,105,162.9714,60048.5,-119.4876,46.2654,53.32
Chelan,Cashmere,103,179.7184,63921.4286,-120.47,47.5224,52.35
Lewis,Winlock,102,164.7451,60161.1111,-122.9388,46.4911,51.83
Snohomish,Gold Bar,101,171.9901,57479.0,-121.6974,47.8556,51.36
Walla Walla,College Place,101,167.0198,61186.25,-118.3886,46.0346,51.33
Kitsap,Hansville,101,177.1188,83899.2857,-122.5476,47.918,51.27
Kitsap,Suquamish,99,160.6061,49233.5714,-122.5524,47.7316,50.39
Mason,Grapeview,98,167.7857,63453.4615,-122.8236,47.3277,49.82
Spokane,Deer Park,98,154.8061,60412.5,-117.463,47.9495,49.8
Skamania,Washougal,91,168.9231,68250.0,-122.3534,45.5792,46.3
Spokane,Veradale,87,155.8966,64915.8333,-117.1953,47.6571,44.28
Stevens,Nine Mile Falls,83,171.5181,61843.8889,-117.5439,47.7768,42.34
Thurston,Rainier,83,151.6145,54947.5,-122.6899,46.889,42.32
Clark,Yacolt,83,169.1205,68910.0,-122.4091,45.8668,42.3
Asotin,Clarkston,81,150.963,51581.6667,-117.0456,46.414,41.34
Grays Harbor,Elma,80,157.475,50453.0,-123.4038,47.0038,40.87
Whatcom,Point Roberts,78,170.6154,60837.5,-123.0569,48.9887,39.84
Spokane,Medical Lake,76,158.0789,47281.6667,-117.6785,47.5718,38.9
Spokane,Nine Mile Falls,74,162.5811,65932.7778,-117.5429,47.7743,37.79
Grays Harbor,Hoquiam,73,158.3425,42447.5,-123.8869,46.9798,37.45
Douglas,Orondo,73,189.8904,69900.0,-120.228,47.6235,37.36
Mason,Union,72,159.3056,63138.5,-123.0994,47.3569,36.79
Jefferson,Port Hadlock,71,165.4366,54947.5,-122.7588,48.0359,36.36
Mason,Hoodsport,70,167.6429,69900.0,-123.1414,47.4064,35.79
King,Hunts Point,70,204.7143,125575.0,-122.1872,47.61,35.77
Kitsap,Indianola,70,149.2571,62929.0,-122.5276,47.7479,35.77
Stevens,Colville,70,150.0857,64233.3333,-117.9045,48.5466,35.76
Spokane,Otis Orchards,67,165.3433,62092.8571,-117.1113,47.7079,34.32
Clark,Woodland,66,182.803,57448.125,-122.7402,45.9094,33.9
Okanogan,Twisp,65,164.6615,46447.5,-120.1231,48.3652,33.42
Skamania,Stevenson,64,171.2969,61186.25,-121.8826,45.6942,32.84
Kittitas,Ronald,64,176.0781,67775.0,-121.0263,47.2378,32.82
Adams,Othello,63,174.3651,59712.5,-119.1742,46.8262,32.36
Wahkiakum,Cathlamet,63,157.0952,59198.75,-123.3866,46.2078,32.31
Grays Harbor,Mccleary,62,176.3387,54947.5,-123.2641,47.0495,31.89
Jefferson,Quilcene,62,177.2258,61249.1667,-122.8775,47.8264,31.86
Jefferson,Nordland,62,175.5323,63114.5,-122.6911,48.051,31.84
Whatcom,Lummi Island,61,152.082,68250.0,-122.6833,48.7205,31.25
Pacific,Long Beach,60,147.9833,54947.5,-124.0544,46.3523,30.81
Spokane,Chattaroy,60,155.6,69900.0,-117.3579,47.9017,30.75
Spokane,Newman Lake,60,150.1667,80162.5,-117.0703,47.7245,30.7
San Juan,Olga,59,127.7627,56022.7273,-122.8357,48.6236,30.24
King,Beaux Arts,58,168.9828,61832.7778,-122.1872,47.61,29.83
Pend Oreille,Newport,58,181.3103,69900.0,-117.044,48.1828,29.83
Yakima,Grandview,57,187.7544,69900.0,-119.9012,46.2561,29.35
Pierce,Anderson Island,57,165.8246,62310.0,-122.6788,47.1779,29.32
Whatcom,Sedro Woolley,56,170.5893,68250.0,-122.2386,48.5086,28.8
Lewis,Toledo,51,182.5882,64915.8333,-122.8478,46.4407,26.36
Pacific,Ocean Park,51,129.3922,69900.0,-124.05,46.4887,26.17
Whatcom,Maple Falls,50,163.3,35972.5,-122.0773,48.9237,26.05
Klickitat,Goldendale,50,154.58,69900.0,-120.8254,45.823,25.75
King,Algona,48,166.9583,39995.0,-122.2304,47.3074,25.0
Yakima,Zillah,48,172.2708,51331.6667,-120.2673,46.4026,24.91
Yakima,Moxee,47,158.2553,59250.0,-120.3944,46.5572,24.31
Mason,Tahuya,46,189.8913,61400.0,-123.0406,47.3773,23.9
Pierce,Ruston,43,162.3953,52781.6667,-122.5113,47.2924,22.37
Spokane,Airway Heights,42,158.7857,184400.0,-117.5931,47.6443,21.58
Klickitat,Trout Lake,41,157.9512,39995.0,-121.5253,45.9959,21.47
Pacific,Raymond,41,160.3902,45960.0,-123.7299,46.6887,21.42
Whatcom,Deming,41,161.7073,62583.3333,-122.2172,48.8265,21.3
Lewis,Mossyrock,40,173.4,61328.5714,-122.4845,46.5295,20.85
King,Preston,39,170.5897,62110.0,-122.0049,47.5361,20.33
Skamania,Underwood,39,143.3846,54538.0,-121.5236,45.729,20.3
Grant,Mattawa,38,178.7368,69900.0,-119.9001,46.7378,19.82
Grays Harbor,Westport,38,136.6579,64233.3333,-124.1042,46.8911,19.72
Pacific,Surfside,37,136.2162,55566.6667,-124.0499,46.4915,19.27
Pierce,Vaughn,36,184.9722,69900.0,-122.7636,47.3435,18.84
Whatcom,Custer,36,160.2222,59931.6667,-122.6422,48.9186,18.81
Yakima,Naches,36,154.3611,60759.0,-120.6923,46.7251,18.79
Lewis,Packwood,36,156.5833,67425.0,-121.6852,46.606,18.77
Kittitas,Snoqualmie Pass,35,169.6571,48600.0,-121.412,47.4187,18.42
Jefferson,Brinnon,35,183.7143,54947.5,-122.8965,47.6984,18.42
Cowlitz,Silverlake,34,178.3235,64233.3333,-122.8112,46.2969,17.85
Grays Harbor,Pacific Beach,34,165.8824,60412.5,-124.2018,47.2089,17.83
Chelan,Entiat,34,176.0294,69900.0,-120.2083,47.6756,17.81
Grays Harbor,Oakville,34,132.4412,58977.0,-123.2329,46.8408,17.74
King,Milton,33,168.303,54947.5,-122.3217,47.249,17.37
Clark,Amboy,33,190.7576,69900.0,-122.4215,45.9196,17.36
Chelan,Malaga,33,187.8485,69900.0,-120.2023,47.3724,17.35
Stevens,Kettle Falls,33,159.3333,54947.5,-118.0621,48.6105,17.34
Yakima,Wapato,32,184.6562,58900.0,-120.4208,46.4478,16.89
Grant,Soap Lake,31,124.9677,52615.0,-119.4832,47.389,16.26
Yakima,Toppenish,30,216.4667,68471.4286,-120.313,46.3751,15.94
Kittitas,Roslyn,30,185.1667,52162.5,-120.9981,47.2267,15.94
Grant,Royal City,30,180.0,56936.25,-119.6314,46.9025,15.89
Whitman,Palouse,29,140.6207,31950.0,-117.0768,46.9101,15.55
Okanogan,Omak,29,105.9655,47471.25,-119.5272,48.4108,15.24
Pierce,Longbranch,28,161.7857,36800.0,-122.759,47.2145,15.03
Okanogan,Mazama,28,185.8929,64233.3333,-120.4081,48.5941,14.87
Lincoln,Davenport,28,147.8571,47472.5,-118.1491,47.654,14.86
Clallam,Forks,28,147.8214,58566.6667,-124.3854,47.9501,14.78
Spokane,Elk,27,166.4074,54947.5,-117.2782,48.0172,14.36
Stevens,Chewelah,27,153.7037,57000.0,-117.7156,48.2814,14.31
Klickitat,Lyle,27,145.6667,86975.0,-121.2854,45.6939,14.17
Grays Harbor,Cosmopolis,26,150.5385,39995.0,-123.769,46.9541,13.95
Skamania,Carson,26,171.2692,67425.0,-121.8205,45.7256,13.81
Cowlitz,Ariel,25,158.24,69900.0,-122.5366,45.9897,13.26
Franklin,Connell,24,206.3333,69900.0,-118.8606,46.6615,12.91
Kittitas,Easton,24,199.7083,69900.0,-121.1795,47.2378,12.89
Klickitat,Husum,24,146.0833,52900.0,-121.487,45.7278,12.82
Whatcom,Sumas,23,154.6957,39995.0,-122.265,48.9998,12.46
Douglas,Rock Island,23,162.1304,46447.5,-120.1454,47.3716,12.42
Whatcom,Glacier,23,193.1304,67000.0,-122.2172,48.8265,12.38
Columbia,Dayton,23,190.4348,69900.0,-117.9758,46.3219,12.36
Okanogan,Tonasket,23,116.8261,39995.0,-119.4368,48.7086,12.35
Klickitat,Snowden,23,135.1304,52900.0,-121.487,45.7278,12.28
Pierce,Enumclaw,23,163.7391,68910.0,-121.9914,47.2043,12.28
Stevens,Loon Lake,23,147.8261,69900.0,-117.6373,48.0629,12.23
Lewis,Morton,22,180.9091,54947.5,-122.2751,46.5554,11.91
Yakima,Union Gap,21,160.4762,81100.0,-120.4778,46.5535,11.23
Pacific,Ilwaco,20,111.1,48313.3333,-124.0355,46.3088,10.75
Skagit,Sedro Woolley,19,160.6316,39995.0,-122.2386,48.5086,10.48
Yakima,Tieton,19,198.2105,69900.0,-120.7525,46.7041,10.38
Yakima,Outlook,19,169.5263,58281.6667,-120.0851,46.3294,10.35
Grant,Coulee City,18,199.0556,69900.0,-119.2882,47.6123,9.88
Skamania,North Bonneville,18,182.2222,69900.0,-121.97,45.6412,9.83
Klickitat,Dallesport,18,174.2222,69900.0,-121.1687,45.6292,9.81
San Diego,San Diego,17,169.6471,59931.6667,-117.1628,32.7308,9.34
Ferry,Republic,17,158.7059,69900.0,-118.7375,48.6443,9.26
Lewis,Mineral,16,192.5625,39995.0,-122.1877,46.719,9.08
Skagit,Darrington,16,216.0,69900.0,-121.6042,48.2543,8.93
Pacific,Naselle,16,124.875,39995.0,-123.8115,46.3654,8.87
El Paso,Colorado Springs,16,127.1875,49148.0,-104.7742,38.9753,8.79
San Juan,Anacortes,15,203.7333,69900.0,-122.6121,48.5175,8.4
Mason,Lilliwaup,15,196.4667,69900.0,-123.0921,47.472,8.38
Asotin,Asotin,15,190.2,69900.0,-117.0478,46.3406,8.36
Skagit,Bellingham,14,197.3571,69900.0,-122.4549,48.7449,7.88
Whatcom,Nooksack,14,196.7857,69900.0,-122.3218,48.9286,7.88
Ferry,Kettle Falls,14,162.3571,69900.0,-118.0621,48.6105,7.77
Mason,Elma,14,143.2857,69900.0,-123.4038,47.0038,7.72
Walla Walla,Touchet,13,168.7692,31950.0,-118.6692,46.0424,7.63
Walla Walla,Waitsburg,13,162.3077,39995.0,-118.1545,46.2701,7.49
Pierce,Carbonado,13,223.5385,69900.0,-122.0474,47.0804,7.46
Grays Harbor,Grayland,13,132.3077,39995.0,-124.0937,46.8093,7.4
Grant,Othello,13,174.0769,69900.0,-119.1742,46.8262,7.31
Yakima,Mabton,12,173.25,39995.0,-119.9904,46.2147,7.02
Lewis,Vader,12,127.5833,39995.0,-122.9502,46.402,6.88
San Juan,Orcas Is,12,163.5,52900.0,-122.9197,48.6757,6.87
Pacific,North Cove,12,136.8333,69900.0,-124.0459,46.7608,6.7
Pend Oreille,Cusick,11,182.8182,39995.0,-117.3044,48.3387,6.55
Franklin,Mesa,11,174.8182,39995.0,-119.005,46.5783,6.52
Jefferson,Sequim,11,115.2727,36972.5,-123.1037,48.0797,6.39
Pacific,Seaview,11,123.5455,39995.0,-124.0512,46.3336,6.37
Stevens,Valley,11,156.4545,69900.0,-117.7255,48.1762,6.26
Whatcom,Acme,11,133.7273,69900.0,-122.2035,48.7177,6.19
Okanogan,Okanogan,10,159.9,39995.0,-119.5796,48.3654,5.98
Whitman,Rosalia,10,155.8,39995.0,-117.3705,47.2344,5.97
Kittitas,Thorp,10,172.7,69900.0,-120.6545,47.046,5.8
Ferry,Curlew,9,178.5556,69900.0,-118.6006,48.881,5.32
Grays Harbor,Taholah,9,91.6667,37313.3333,-124.2863,47.3426,5.31
Yakima,Granger,9,153.5556,69900.0,-120.1871,46.3395,5.25
King,Baring,8,223.625,69900.0,-121.4849,47.7719,4.96
Douglas,Waterville,8,220.125,69900.0,-120.0714,47.6496,4.95
Klickitat,Bingen,8,191.625,53350.0,-121.4662,45.7151,4.95
King,Skykomish,8,187.0,52900.0,-121.3591,47.7119,4.94
Lewis,Glenoma,8,124.5,39995.0,-122.1302,46.5307,4.87
Skamania,White Salmon,7,185.7143,39995.0,-121.487,45.7278,4.56
Spokane,Rockford,7,211.8571,69900.0,-117.1326,47.4523,4.42
Whitman,Garfield,7,195.8571,69900.0,-117.1336,47.0071,4.37
Kittitas,South Cle Elum,7,167.0,64950.0,-120.9482,47.1889,4.31
Okanogan,Carlton,7,160.1429,64950.0,-120.0933,48.2365,4.29
Lewis,Randle,7,127.5714,54947.5,-121.9558,46.5353,4.25
Grays Harbor,Moclips,7,124.0,69900.0,-124.2135,47.2393,4.16
Lincoln,Reardan,6,188.3333,39995.0,-117.877,47.6695,4.07
Lincoln,Wilbur,7,82.5714,69900.0,-118.7091,47.7594,4.03
Pierce,Wilkeson,6,150.3333,36800.0,-122.0473,47.1096,3.99
Stevens,Addy,6,212.6667,69900.0,-117.8379,48.3561,3.92
Clark,Las Vegas,6,172.3333,52900.0,-115.2793,36.168,3.9
Pierce,South Prairie,6,166.5,54947.5,-122.0962,47.1395,3.86
Kitsap,Pouslbo,6,182.1667,64950.0,-122.6468,47.7369,3.85
King,Snoqualmie Pass,6,154.8333,52900.0,-121.6594,47.4686,3.84
Clallam,Sekiu,6,173.8333,64950.0,-124.3004,48.2598,3.83
Wahkiakum,Naselle,6,167.0,69900.0,-123.8115,46.3654,3.79
Multnomah,Portland,6,185.3333,90700.0,-122.6096,45.5208,3.78
Leavenworth,Fort Leavenworth,6,119.8333,53710.0,-94.9202,39.3543,3.73
Spokane,Mica,5,225.0,69900.0,-117.2161,47.5644,3.46
Pacific,Nahcotta,5,148.6,39995.0,-124.0499,46.4915,3.45
Fairfax,Alexandria,5,178.8,69900.0,-77.0993,38.763,3.32
Pierce,Kapowsin,5,165.4,69900.0,-122.2347,46.9844,3.28
Monterey,Seaside,5,136.8,69900.0,-121.8535,36.604,3.2
Alexandria,Alexandria,4,204.5,61400.0,-77.0623,38.8128,2.94
Orange,Orlando,4,166.25,69900.0,-81.3168,28.489,2.78
Maricopa,Scottsdale,4,136.25,69900.0,-111.9234,33.5727,2.69
Pacific,Tokeland,4,81.5,52900.0,-123.9981,46.7123,2.62
Placer,Roseville,3,257.3333,69900.0,-121.3052,38.79,2.56
Spokane,Latah,3,230.3333,69900.0,-117.1551,47.2797,2.48
Stevens,Hunters,3,132.0,39995.0,-118.203,48.1178,2.4
Kitsap,Port Gamble,3,94.3333,39995.0,-122.6468,47.7369,2.28
Douglas,Omaha,3,89.0,39995.0,-96.0634,41.2102,2.27
San Diego,Oceanside,3,107.6667,54947.5,-117.3028,33.2408,2.19
Cowlitz,Cougar,3,148.0,81100.0,-122.3086,46.0465,2.19
Washoe,Sparks,2,261.5,69900.0,-119.7209,39.5823,2.07
Albemarle,Charlottesville,2,211.5,69900.0,-78.4746,38.0604,1.92
San Juan,San Juan Is,2,212.5,69900.0,-123.0165,48.5345,1.92
Cumberland,Fayetteville,2,212.5,69900.0,-78.8982,35.0196,1.92
Klickitat,Klickitat,2,113.5,36800.0,-121.1518,45.8176,1.88
Suffolk,Boston,2,123.5,39995.0,-71.061,42.3601,1.87
Whitman,Lacrosse,2,123.5,39995.0,-117.8814,46.8161,1.87
Kings,Brooklyn,2,123.5,39995.0,-74.0109,40.661,1.87
Arapahoe,Englewood,2,118.5,44100.0,-104.8751,39.6056,1.81
Allen,Fort Wayne,2,121.5,54947.5,-85.1673,41.1086,1.73
Suffolk,Suffolk,2,114.5,54950.0,-76.4205,36.877,1.71
New London,Norwich,2,114.0,64950.0,-72.0757,41.5268,1.65
Fresno,Fresno,2,117.5,69900.0,-119.8984,36.7999,1.64
Yakima,White Swan,2,117.0,69900.0,-120.7306,46.3829,1.64
Travis,Leander,1,265.0,59900.0,-97.8532,30.5796,1.63
Bexar,Jbsa Ft Sam Houston,2,32.0,39995.0,-98.4621,29.4491,1.6
New Haven,Madison,2,26.0,39995.0,-72.5951,41.2797,1.58
La Plata,Durango,1,249.0,69900.0,-107.8793,37.2737,1.53
Portsmouth,Portsmouth,2,29.0,53400.0,-76.3439,36.8298,1.46
Moore,Carthage,1,215.0,69900.0,-79.4154,35.3447,1.43
Geary,Junction City,1,215.0,69900.0,-96.8301,39.0283,1.43
Manassas,Manassas,1,215.0,69900.0,-77.4709,38.7512,1.43
Tooele,Tooele,1,210.0,69900.0,-112.2985,40.5341,1.42
Orange,Huntington Beach,1,208.0,69900.0,-118.0016,33.6789,1.41
Clay,Middleburg,1,208.0,69900.0,-81.8667,30.0668,1.41
Cook,Chicago,1,32.0,39995.0,-87.6534,41.883,1.1
Oldham,Goshen,1,33.0,39995.0,-85.5778,38.4002,1.1
San Diego,Lakeside,1,32.0,39995.0,-116.9046,32.854,1.1
New London,Preston,1,33.0,39995.0,-71.9897,41.5295,1.1
Douglas,Parker,1,32.0,39995.0,-104.7992,39.5118,1.1
Montgomery,Potomac,1,32.0,39995.0,-77.2088,39.018,1.1
Churchill,Fallon,1,32.0,39995.0,-118.778,39.4749,1.1
Calvert,Owings,1,32.0,39995.0,-76.604,38.7197,1.1
Maricopa,Tempe,1,32.0,39995.0,-111.9372,33.4255,1.1
Pinal,Apache Junction,1,32.0,39995.0,-111.5461,33.4231,1.1
Ventura,Camarillo,1,32.0,39995.0,-119.0507,34.2234,1.1
Loudoun,Chantilly,1,32.0,39995.0,-77.4871,38.9059,1.1
Adams,Benge,1,32.0,39995.0,-118.1026,46.909,1.1
San Diego,La Mesa,1,32.0,39995.0,-117.0244,32.766,1.1
Marin,Novato,1,14.0,44100.0,-122.5771,38.0993,1.0
Essex,Montclair,1,35.0,52900.0,-74.2128,40.8124,0.98
Muscogee,Columbus,1,35.0,64950.0,-84.9262,32.5396,0.91
Clackamas,Gladstone,1,14.0,54950.0,-122.5948,45.3806,0.91
Howard,Ellicott City,1,18.0,64950.0,-76.831,39.2772,0.86
Los Angeles,Hidden Hills,1,14.0,64950.0,-118.6933,34.1523,0.85
San Mateo,San Carlos,1,18.0,184400.0,-122.2628,37.5049,0.66
Skagit,Concrete,53,180.6792,,-121.7515,48.5389,
Lewis,Onalaska,43,151.8605,,-122.7051,46.5781,
Jefferson,Chimacum,36,158.1667,,-122.7733,48.0118,
Whitman,Colfax,30,163.6333,,-117.3648,46.8796,
Spokane,Valleyford,29,169.6207,,-117.2433,47.5397,
Adams,Ritzville,26,158.2308,,-118.3798,47.1274,
Chelan,Peshastin,26,171.2308,,-120.6036,47.568,
Spokane,Fairchild Air Force Base,25,146.56,,-117.6446,47.6405,
Thurston,Centralia,24,179.7917,,-122.9527,46.729,
Okanogan,Oroville,22,183.0455,,-119.4356,48.9388,
Walla Walla,Burbank,20,200.85,,-119.0156,46.1992,
Okanogan,Brewster,20,159.25,,-119.7809,48.0997,
Stevens,Deer Park,18,109.8333,,-117.4715,47.9543,
San Juan,Shaw Island,17,142.2941,,-122.9299,48.5835,
Grant,Warden,16,155.1875,,-119.0457,46.9697,
Spokane,Spangle,16,133.8125,,-117.3925,47.4329,
Kitsap,Keyport,15,198.8667,,-122.6232,47.7025,
Pierce,Ashford,14,161.4286,,-122.0324,46.7591,
Lewis,Silver Creek,14,165.7857,,-122.6021,46.5279,
Knox,Knoxville,13,215.0,,-84.0865,35.9226,
Pacific,Menlo,13,145.5385,,-123.7299,46.6887,
Pend Oreille,Elk,12,184.5,,-117.2782,48.0172,
Lewis,Ashford,11,196.1818,,-122.0324,46.7591,
Grays Harbor,Copalis Beach,11,179.7273,,-124.167,47.1149,
Lewis,Rochester,11,127.4545,,-123.0874,46.8218,
Fairfax,Springfield,10,156.3,,-77.2165,38.7843,
Klickitat,Bz Corner,10,183.4,,-121.487,45.7278,
Lewis,Curtis,10,157.0,,-123.0974,46.5812,
Pacific,South Bend,10,180.6,,-123.7877,46.6731,
Lewis,Ethel,10,158.3,,-122.7695,46.5454,
Snohomish,Darrington,10,211.4,,-121.6042,48.2543,
Wahkiakum,Skamokawa,9,216.7778,,-123.458,46.2716,
Stevens,Clayton,9,162.3333,,-117.5723,47.9968,
Lewis,Napavine,9,112.0,,-122.927,46.6049,
Stevens,Evans,9,116.7778,,-118.0234,48.7133,
Clallam,Neah Bay,8,169.125,,-124.6274,48.3678,
Virginia Beach,Virginia Beach,8,169.625,,-76.1302,36.8263,
Snohomish,Index,8,173.75,,-121.6852,47.8413,
Cowlitz,Toutle,8,190.75,,-122.7324,46.3245,
Lewis,Cinebar,8,171.5,,-122.4916,46.6041,
Okanogan,Pateros,8,147.25,,-119.8998,48.055,
Lincoln,Odessa,7,137.4286,,-118.69,47.3332,
San Juan,Orcas,7,160.5714,,-122.9409,48.5982,
District Of Columbia,Washington,7,180.4286,,-77.0075,38.8938,
Stevens,Rice,7,165.1429,,-118.1616,48.4293,
Okanogan,Coulee Dam,7,141.1429,,-118.9767,47.9708,
Pacific,Oysterville,7,167.0,,-124.0401,46.5161,
Kittitas,Kittitas,7,171.8571,,-120.4363,46.9865,
Grant,Electric City,7,161.2857,,-119.0359,47.9335,
Grant,Grand Coulee,7,160.5714,,-119.0004,47.9428,
Snohomish,Tulalip,6,173.8333,,-122.1677,48.1103,
Lincoln,Grand Coulee,6,107.6667,,-119.0004,47.9428,
Macomb,Warren,6,215.0,,-83.0491,42.5251,
Douglas,Mansfield,6,184.5,,-119.6615,47.8598,
Douglas,Bridgeport Bar,6,201.0,,-119.7809,48.0997,
Yakima,Cowiche,6,188.0,,-120.7098,46.6546,
Whitman,Endicott,6,130.8333,,-117.6848,46.9275,
Whitman,Colton,6,125.5,,-117.1298,46.568,
Okanogan,Methow,6,186.1667,,-119.9524,48.0918,
Los Angeles,Los Angeles,6,195.0,,-118.3322,34.0676,
Klickitat,Murdock,6,150.1667,,-121.2621,45.681,
Franklin,Eltopia,6,123.0,,-119.0165,46.457,
Skamania,Bingen,5,207.0,,-121.4662,45.7151,
Franklin,Othello,5,149.6,,-119.1742,46.8262,
San Diego,Chula Vista,5,225.2,,-116.9716,32.6208,
Benton,Grandview,5,156.0,,-119.9012,46.2561,
Spokane,Edwall,5,144.4,,-117.8758,47.502,
Duval,Jacksonville,5,176.2,,-81.6032,30.3086,
Lewis,Salkum,5,215.0,,-122.6306,46.5319,
Wahkiakum,Grays River,5,205.0,,-123.6102,46.3559,
Chelan,Chelan Falls,5,176.4,,-119.9852,47.8029,
Klickitat,Centerville,5,114.8,,-120.8875,45.7662,
San Juan,Waldron,5,141.6,,-123.036,48.6884,
Grays Harbor,Quinault,5,150.4,,-123.8462,47.4681,
Whitman,Uniontown,4,166.5,,-117.098,46.5463,
Prince George'S,Upper Marlboro,4,117.0,,-76.7823,38.8543,
Grays Harbor,Amanda Park,4,119.75,,-123.8969,47.4592,
Spokane,Fairfield,4,122.25,,-117.1712,47.3852,
Okanogan,Riverside,4,166.5,,-119.5085,48.5012,
Spokane,Reardan,4,126.0,,-117.877,47.6695,
Lewis,Pe Ell,4,227.75,,-123.2983,46.57,
Santa Clara,San Jose,4,136.0,,-121.934,37.3279,
Wahkiakum,Rosburg,4,173.0,,-123.6386,46.334,
Whitman,Oakesdale,4,167.5,,-117.2426,47.129,
Pierce,Pacific,4,233.5,,-122.2469,47.2647,
Hillsborough,Tampa,4,128.75,,-82.4133,27.9832,
Stevens,Springdale,4,173.75,,-117.7414,48.0574,
Douglas,Bridgeport,4,215.0,,-119.6701,48.0074,
Lincoln,Sprague,4,80.75,,-117.9738,47.3004,
Douglas,Palisades,4,198.75,,-119.9176,47.4149,
El Paso,El Paso,4,146.75,,-106.3659,31.8437,
San Francisco,San Francisco,4,185.75,,-122.4548,37.7369,
Lincoln,Lincoln,4,122.5,,-118.419,47.8294,
Pierce,Elbe,4,215.0,,-122.1937,46.7646,
Grant,Marlin,4,215.0,,-118.985,47.4072,
Whitman,Tekoa,3,150.3333,,-117.0735,47.2268,
Pacific,Willapa,3,150.3333,,-123.7299,46.6887,
Pacific,Chinook,3,157.3333,,-123.9453,46.2726,
Autauga,Prattville,3,93.0,,-86.4411,32.4618,
Arlington,Arlington,3,216.6667,,-77.0933,38.8547,
Pacific,Lebam,3,215.0,,-123.7299,46.6887,
Adams,Lind,3,215.0,,-118.6157,46.9714,
Alameda,Alameda,3,150.3333,,-122.2458,37.7671,
Newport,Middletown,3,85.3333,,-71.2992,41.5162,
New York,New York,3,215.0,,-73.9764,40.7732,
Pend Oreille,Ione,3,94.3333,,-117.4179,48.7417,
Anne Arundel,Annapolis,3,215.0,,-76.4898,38.9731,
Snohomish,Shoreline,3,216.6667,,-122.365,47.7224,
Clallam,Clallam Bay,3,206.0,,-124.2602,48.2537,
Kings,Hanford,3,215.0,,-119.6459,36.3274,
Douglas,Coulee Dam,3,152.0,,-118.9767,47.9708,
Stevens,Ford,3,96.0,,-117.8058,47.9089,
Lake,Libertyville,3,215.0,,-87.9534,42.2878,
Cumberland,Fort Bragg,3,105.3333,,-78.9973,35.1356,
Cowlitz,Ryderwood,3,161.0,,-123.0437,46.3733,
Dupage,Lisle,3,215.0,,-88.0719,41.7988,
Santa Clara,Santa Clara,3,146.6667,,-121.9734,37.355,
Klickitat,Bickleton,3,156.0,,-120.3001,45.9978,
Skagit,Clearlake,3,151.3333,,-122.2345,48.4638,
Travis,Austin,3,155.0,,-97.748,30.3616,
Lincoln,Harrington,3,161.0,,-118.2568,47.4829,
Lincoln,Deer Meadows,3,181.3333,,-118.1491,47.6541,
Lincoln,Seven Bays,3,149.6667,,-118.1491,47.6541,
Benton,Wrch,3,215.0,,-119.3384,46.297,
Maricopa,Phoenix,3,168.3333,,-112.0921,33.6001,
Garfield,Pomeroy,3,27.0,,-117.5894,46.474,
Franklin,Pasc,3,157.3333,,-119.0947,46.2354,
Prince William,Manassas,3,58.0,,-77.4498,38.7801,
Thurston,Bucoda,3,167.6667,,-122.8689,46.7982,
San Bernardino,Fort Irwin,3,215.0,,-116.7639,35.1582,
King,Gold Bar,3,152.0,,-121.6974,47.8556,
Stevens,Wellpinit,2,21.0,,-117.987,47.8868,
York,Yorktown,2,215.0,,-76.549,37.2409,
Skagit,Lyman,2,226.5,,-122.0598,48.5252,
Spokane,Rosalia,2,215.0,,-117.3705,47.2344,
St. Louis,Saint Louis,2,268.5,,-90.2609,38.6885,
Stafford,Stafford,2,215.0,,-77.4091,38.4496,
Skagit,Hamilton,2,215.0,,-121.9874,48.5179,
Thurston,Oakville,2,117.0,,-123.2329,46.8408,
Sarpy,Bellevue,2,128.5,,-95.9609,41.1316,
Yakima,Buena,2,215.0,,-120.313,46.4273,
Polk,Salem,2,182.0,,-123.0566,44.9473,
Riverside,Riverside,2,252.0,,-117.4881,33.9136,
Rockingham,Epping,2,215.0,,-71.0734,43.0346,
Rockingham,Portsmouth,2,261.5,,-70.7651,43.075,
Salt Lake,Salt Lake City,2,29.0,,-111.9383,40.6589,
San Diego,Coronado,2,215.0,,-117.1742,32.6799,
San Diego,National City,2,215.0,,-117.1056,32.6722,
Yakima,Parker,2,120.0,,-120.4672,46.5034,
Walla Walla,Walla Walla Co,2,31.0,,-118.3426,46.0707,
Walla Walla,Prescott,2,215.0,,-118.3124,46.2996,
San Juan,Lopez Is,2,54.5,,-122.914,48.5234,
Pierce,Artondale,2,215.0,,-122.5801,47.328,
Pend Oreille,Usk,2,118.0,,-117.2805,48.3138,
Santa Clara,Cupertino,2,118.5,,-122.0293,37.3191,
Santa Clara,Mountain View,2,215.0,,-122.0761,37.3787,
Whitman,St John,2,215.0,,-117.5821,47.0918,
Santa Clara,Sunnyvale,2,215.0,,-122.0299,37.3822,
Orange,West Point,2,128.5,,-73.955,41.3952,
Ada,Boise,2,215.0,,-116.1734,43.5804,
Chelan,Monitor,2,215.0,,-120.4243,47.4905,
Douglas,Grand Coulee,2,23.0,,-119.0004,47.9428,
Greene,Beavercreek,2,215.0,,-84.0618,39.717,
Grays Harbor,Copalis Crossing,2,187.5,,-124.0746,47.1106,
Lincoln,Ford,2,138.0,,-117.8058,47.9089,
Grant,Hartline,2,118.0,,-119.1056,47.6902,
Lincoln,Creston,2,128.5,,-118.5191,47.7587,
Burlington,Joint Base Mdl,2,30.0,,-74.5792,40.032,
Lewis,Galvin,2,215.0,,-123.0263,46.7416,
Kitsap,Gig Harbor,2,226.5,,-122.6658,47.3834,
Nueces,Corpus Christi,2,237.0,,-97.3736,27.6852,
Kittitas,Vantage,2,215.0,,-119.9899,46.9447,
Fairfax,Vienna,2,33.5,,-77.264,38.9006,
Laramie,Cheyenne,2,128.5,,-104.8226,41.1559,
Escambia,Pensacola,2,122.0,,-87.2837,30.4414,
Bexar,Converse,2,215.0,,-98.3121,29.5153,
Montgomery,Bethesda,2,207.5,,-77.0969,38.9864,
Bexar,Jbsa Lackland,2,215.0,,-98.6194,29.3828,
Dekalb,Decatur,2,152.0,,-84.2966,33.7744,
Fairfax,Herndon,2,120.5,,-77.4075,38.9485,
Marin,Mill Valley,2,215.0,,-122.5482,37.9077,
Maui,Kihei,2,215.0,,-156.4633,20.7825,
Fairfax,Burke,2,217.5,,-77.2719,38.7936,
Chesapeake,Chesapeake,2,237.0,,-76.3326,36.7955,
Mason,Olympia,2,261.5,,-122.9233,47.0378,
Adams,Washtucna,2,149.5,,-118.311,46.7558,
Orange,Irvine,2,217.5,,-117.7888,33.6896,
Contra Costa,Walnut Creek,2,126.5,,-122.0375,37.9091,
Alameda,Dublin,2,215.0,,-121.9164,37.7042,
Honolulu,Honolulu,2,118.0,,-157.94,21.3418,
Allegheny,Pittsburgh,2,254.0,,-80.0068,40.4999,
Ferry,Orient,2,215.0,,-118.2087,48.8683,
Fairfax,Fort Belvoir,2,217.5,,-77.1352,38.6884,
Anne Arundel,Fort George G Meade,2,123.5,,-76.7352,39.1085,
Hamilton,Cincinnati,2,215.0,,-84.3618,39.1871,
Kootenai,Post Falls,2,215.0,,-116.9481,47.7119,
Klickitat,Wishram,2,173.5,,-120.9646,45.6594,
Klickitat,Wahkiacus,2,37.5,,-121.1072,45.8466,
Stanislaus,Turlock,1,215.0,,-120.8535,37.5338,
St. Mary'S,Lexington Park,1,215.0,,-76.4528,38.2656,
Stafford,Fredericksburg,1,220.0,,-77.4406,38.3376,
El Paso,Monument,1,215.0,,-104.8716,39.0915,
Orange,Laguna Niguel,1,200.0,,-117.7082,33.5606,
Douglas,Quincy,1,222.0,,-119.8534,47.2375,
Sussex,Stanhope,1,84.0,,-74.7089,40.9035,
Cook,Streamwood,1,21.0,,-88.1756,42.0121,
Suffolk,Hyde Park,1,220.0,,-71.1239,42.2564,
Cowlitz,Amboy,1,215.0,,-122.4215,45.9196,
Cowlitz,Silver Lake,1,215.0,,-122.8112,46.2969,
Stevens,Tumtum,1,215.0,,-117.6702,47.8927,
Cumberland,Mechanicsburg,1,215.0,,-76.997,40.2472,
Currituck,Moyock,1,215.0,,-76.1761,36.5229,
Stevens,Northport,1,215.0,,-117.7781,48.9174,
Dallas,Carrollton,1,215.0,,-96.8902,32.9756,
Dallas,Dallas,1,215.0,,-96.8352,32.7586,
Davidson,Nashville,1,215.0,,-86.7837,36.1186,
Stevens,Gifford,1,38.0,,-118.1363,48.3108,
St. Mary'S,Leonardtown,1,215.0,,-76.6357,38.2922,
Douglas,Coulee City,1,215.0,,-119.2882,47.6123,
Denver,Denver,1,215.0,,-104.9498,39.7336,
Ferry,Danville,1,215.0,,-118.508,48.9924,
St. Mary'S,California,1,215.0,,-76.5194,38.3034,
Hardin,Rineyville,1,215.0,,-85.971,37.7504,
Gwinnett,Suwanee,1,215.0,,-84.0648,34.0574,
Hall,Buford,1,215.0,,-83.9791,34.0772,
Solano,Vacaville,1,215.0,,-121.9926,38.3522,
Solano,Travis Afb,1,215.0,,-121.933,38.2715,
Solano,Benicia,1,215.0,,-122.1535,38.0528,
Hamilton,Westfield,1,239.0,,-86.1352,40.0425,
Harford,Aberdeen Proving Ground,1,215.0,,-76.133,39.4833,
Grant,Stratford,1,215.0,,-119.2784,47.4263,
Snohomish,Startup,1,215.0,,-121.8169,47.8623,
Harford,Gunpowder,1,215.0,,-76.2977,39.4014,
Harnett,Bunnlevel,1,215.0,,-78.7815,35.3091,
Harnett,Sanford,1,215.0,,-79.1469,35.4533,
Harnett,Spring Lake,1,215.0,,-78.9758,35.1726,
Harris,Baytown,1,21.0,,-94.9797,29.7961,
Guam,Dededo,1,26.0,,144.8446,13.5656,
Grant,Lakeview,1,25.0,,-119.4832,47.389,
St. Louis,Ballwin,1,42.0,,-90.5077,38.5703,
Ferry,Inchelium,1,200.0,,-118.1966,48.2981,
St. Clair,Belleville,1,39.0,,-89.9842,38.5124,
St. Charles,O Fallon,1,215.0,,-90.7025,38.7701,
Fairfax,Falls Church,1,291.0,,-77.1309,38.8495,
Fairfax,Mc Lean,1,21.0,,-77.1849,38.9368,
Fairfax,Reston,1,20.0,,-77.3545,38.9598,
Tarrant,Southlake,1,220.0,,-97.1312,32.9426,
Forsyth,Cumming,1,215.0,,-84.1848,34.1271,
Grant,Almira,1,215.0,,-118.9402,47.7109,
Frederick,Frederick,1,215.0,,-77.412,39.4157,
Frederick,Middletown,1,37.0,,-77.5464,39.4439,
Garfield,Enid,1,215.0,,-97.8963,36.3986,
Geary,Fort Riley,1,215.0,,-96.7816,39.0675,
Goochland,Henrico,1,215.0,,-77.6332,37.617,
Talladega,Talladega,1,21.0,,-86.1024,33.4346,
Collin,Plano,1,37.0,,-96.8213,33.0818,
Texas,Summersville,1,215.0,,-91.6568,37.1796,
Whitman,Lamont,1,25.0,,-117.9063,47.2014,
Bannock,Pocatello,1,291.0,,-112.4617,42.9179,
Barnstable,Brewster,1,220.0,,-70.0662,41.7592,
Beaufort,Bluffton,1,215.0,,-80.8613,32.2372,
Beaver,Rochester,1,215.0,,-80.2858,40.7012,
Bell,Killeen,1,215.0,,-97.7634,31.1058,
Benton,Paterson,1,215.0,,-119.6031,45.9397,
Benton,Plymouth,1,53.0,,-119.3511,45.9356,
Whitman,Malden,1,38.0,,-117.4751,47.2288,
Benton,Pros,1,215.0,,-119.769,46.2066,
Caddo,Shreveport,1,215.0,,-93.6982,32.4169,
Benton,Rich,1,215.0,,-119.2737,46.2739,
Whitman,Farmington,1,21.0,,-117.0455,47.0892,
Berkeley,Hanahan,1,215.0,,-80.008,32.9035,
Berkeley,Moncks Corner,1,21.0,,-80.0124,33.1967,
Bexar,San Antonio,1,215.0,,-98.7228,29.4454,
Brevard,Melbourne,1,215.0,,-80.684,28.0788,
Bristol,North Dartmouth,1,215.0,,-70.9807,41.6405,
Brown,Green Bay,1,220.0,,-88.0862,44.5697,
Williamsburg,Williamsburg,1,38.0,,-76.7103,37.2757,
Williamson,Austin,1,220.0,,-97.794,30.4927,
Williamson,Brentwood,1,23.0,,-86.7888,36.0331,
Williamson,Hutto,1,215.0,,-97.5423,30.5437,
Yuba,Beale Afb,1,215.0,,-121.3373,39.0943,
Adams,Hatton,1,266.0,,-119.1742,46.8262,
York,Williamsburg,1,215.0,,-76.7103,37.2757,
Alameda,Berkeley,1,215.0,,-122.2702,37.9006,
Alameda,Fremont,1,215.0,,-121.9833,37.5515,
Anchorage,Eagle River,1,215.0,,-149.5671,61.3216,
Anne Arundel,Crofton,1,25.0,,-76.6908,39.0119,
Yakima,Prosser,1,215.0,,-119.769,46.2066,
Anne Arundel,Edgewater,1,200.0,,-76.5657,38.926,
Anne Arundel,Gambrills,1,47.0,,-76.6969,39.0606,
Anne Arundel,Hanover,1,215.0,,-76.7201,39.1559,
Anne Arundel,Odenton,1,215.0,,-76.695,39.0814,
Yakima,Harrah,1,53.0,,-120.5435,46.4036,
Anne Arundel,Pasadena,1,215.0,,-76.5729,39.1097,
Atlantic,Egg Harbor Township,1,215.0,,-74.5811,39.3623,
Baldwin,Foley,1,215.0,,-87.6838,30.4061,
Wise,Alvord,1,200.0,,-97.6945,33.3591,
Bucks,Feasterville Trevose,1,215.0,,-74.9714,40.126,
Cook,Skokie,1,215.0,,-87.7554,42.0263,
Cochise,Fort Huachuca,1,215.0,,-110.3462,31.5551,
Clark,North Las Vegas,1,215.0,,-115.1476,36.2335,
Cobb,Marietta,1,153.0,,-84.4114,33.9696,
Ventura,Ventura,1,215.0,,-119.2931,34.2794,
Ventura,Port Hueneme,1,215.0,,-119.1956,34.1502,
Ventura,Moorpark,1,125.0,,-118.8822,34.2871,
Camden,Camden,1,215.0,,-75.1193,39.9396,
Hartford,Newington,1,220.0,,-72.7191,41.6956,
Columbia,Evans,1,215.0,,-82.1303,33.5334,
Columbia,Grovetown,1,42.0,,-82.2036,33.4524,
Contra Costa,Bay Point,1,215.0,,-121.8885,38.0195,
Contra Costa,Lafayette,1,215.0,,-122.1281,37.8908,
Contra Costa,Martinez,1,215.0,,-122.1349,38.0139,
Cook,Des Plaines,1,215.0,,-87.8892,42.0423,
Clark,Henderson,1,322.0,,-115.1463,35.9556,
Clallam,La Push,1,19.0,,-124.3854,47.9501,
Clallam,Beaver,1,38.0,,-124.3315,48.0543,
Wake,Holly Springs,1,215.0,,-78.8336,35.6524,
Camden,Saint Marys,1,215.0,,-81.5461,30.7312,
Carroll,Westminster,1,19.0,,-76.9922,39.5747,
Charlottesville,Charlottesville,1,21.0,,-78.4746,38.0604,
Chelan,Dryden,1,215.0,,-120.5598,47.5413,
Weld,Windsor,1,215.0,,-104.9014,40.4785,
Wayne,Taylor,1,215.0,,-83.2628,42.2266,
Washtenaw,Ann Arbor,1,6.0,,-83.6837,42.2871,
Chelan,Holden Village,1,220.0,,-120.0145,47.8398,
Washington,Beaverton,1,215.0,,-122.8843,45.5304,
Wasco,The Dalles,1,6.0,,-121.1833,45.6017,
Chesterfield,North Chesterfield,1,215.0,,-77.6012,37.4995,
Christian,Ozark,1,21.0,,-93.2063,37.0213,
Walla Walla,Dixie,1,215.0,,-118.1557,46.1405,
Clackamas,Damascus,1,238.0,,-122.4569,45.4176,
Wake,Morrisville,1,215.0,,-78.8302,35.823,
Harris,Houston,1,289.0,,-95.3695,29.7608,
Howard,Laurel,1,215.0,,-76.8389,39.1142,
Hennepin,Minneapolis,1,220.0,,-93.2827,44.9429,
Middlesex,Hanscom Afb,1,215.0,,-71.2831,42.4598,
Mason,Mccleary,1,215.0,,-123.264,47.0495,
Meade,Fort Knox,1,215.0,,-85.9624,37.8817,
Medina,San Antonio,1,215.0,,-98.7228,29.4454,
Mercer,Princeton,1,38.0,,-74.609,40.3752,
Miami-Dade,Coral Gables,1,215.0,,-80.2715,25.7197,
Pierce,Mcchord Afb,1,29.0,,-122.5297,47.1272,
Miami-Dade,Hialeah,1,215.0,,-80.3479,25.8898,
Middlesex,Cambridge,1,215.0,,-71.106,42.3668,
Middlesex,Somerville,1,215.0,,-71.1039,42.3972,
Middlesex,Winchester,1,215.0,,-71.1457,42.4496,
Miller,Lake Ozark,1,215.0,,-92.6227,38.1803,
Pierce,Incorporated,1,215.0,,-122.515,47.162,
Milwaukee,Milwaukee,1,215.0,,-87.9107,43.1186,
Monroe,Tomah,1,215.0,,-90.5048,43.9727,
Monterey,Marina,1,30.0,,-121.8023,36.6816,
Monterey,Pacific Grove,1,25.0,,-121.9185,36.6196,
Montgomery,Conroe,1,238.0,,-95.4946,30.3388,
Mason,Bremerton,1,72.0,,-122.6522,47.5719,
Marion,Indianapolis,1,215.0,,-86.1314,39.9188,
Pulaski,Waynesville,1,322.0,,-92.2119,37.8227,
Providence,Providence,1,84.0,,-71.4467,41.815,
Prince William,Woodbridge,1,34.0,,-77.2474,38.6617,
Los Angeles,Torrance,1,215.0,,-118.3438,33.8666,
Prince William,Dumfries,1,38.0,,-77.3269,38.5673,
Loudoun,Ashburn,1,215.0,,-77.5305,38.9847,
Prince George'S,Fort Washington,1,215.0,,-77.0006,38.7406,
Prince George,Fort Lee,1,215.0,,-77.345,37.2429,
Prince George,Fort Gregg Adams,1,220.0,,-77.345,37.2429,
Madison,Saint Jacob,1,215.0,,-89.7684,38.7162,
Marin,San Rafael,1,26.0,,-122.5329,37.9746,
Platte,Kansas City,1,18.0,,-94.6727,39.2385,
Pima,Tucson,1,215.0,,-110.9369,32.3057,
Maricopa,Cave Creek,1,215.0,,-111.9551,33.8283,
Maricopa,Peoria,1,215.0,,-112.3302,33.7534,
Montgomery,Dayton,1,39.0,,-84.1957,39.6233,
Montgomery,Gaithersburg,1,215.0,,-77.2391,39.12,
Montgomery,Germantown,1,215.0,,-77.2705,39.1827,
Pacific,Frances,1,84.0,,-123.7299,46.6887,
Okanogan,Conconully,1,215.0,,-119.7501,48.5578,
Okanogan,Elmer City,1,215.0,,-118.9534,47.9988,
Okanogan,Malott,1,215.0,,-119.7062,48.2828,
Okanogan,Nespelem,1,150.0,,-118.9766,48.1664,
Olmsted,Rochester,1,215.0,,-92.4787,44.0301,
Orange,Aliso Viejo,1,30.0,,-117.7268,33.5696,
Orange,Buena Park,1,19.0,,-118.017,33.8348,
Montgomery,Montgomery,1,215.0,,-86.3404,32.3804,
Pacific,Bay Center,1,38.0,,-123.9552,46.6319,
Otero,Holloman Air Force Base,1,25.0,,-106.0696,32.833,
Osceola,Kissimmee,1,215.0,,-81.5455,28.3162,
Orange,Winter Park,1,215.0,,-81.3127,28.5926,
Orange,Trabuco Canyon,1,215.0,,-117.5903,33.6617,
Orange,Ladera Ranch,1,215.0,,-117.6388,33.5706,
Orange,Midway City,1,215.0,,-117.9865,33.7447,
Orange,Maitland,1,238.0,,-81.3645,28.6274,
Okanogan,Chelan,1,75.0,,-120.0145,47.8398,
Okaloosa,Niceville,1,42.0,,-86.4868,30.5206,
Okaloosa,Crestview,1,14.0,,-86.571,30.7618,
Pacific,Smith Creek,1,215.0,,-123.7299,46.6887,
Montgomery,Pike Road,1,42.0,,-86.0472,32.3154,
Moore,Vass,1,215.0,,-79.2819,35.2578,
Multnomah,Gresham,1,215.0,,-122.388,45.4834,
Muscogee,Fort Benning,1,308.0,,-84.9562,32.3575,
Philadelphia,Philadelphia,1,42.0,,-75.1622,39.9522,
Penobscot,Brewer,1,6.0,,-68.7643,44.7956,
New London,Gales Ferry,1,215.0,,-72.0816,41.4262,
Pend Oreille,Metaline,1,33.0,,-117.3888,48.856,
New London,Mystic,1,322.0,,-71.9603,41.3506,
New London,Old Lyme,1,38.0,,-72.3342,41.3239,
Palm Beach,Boca Raton,1,291.0,,-80.0884,26.3505,
New London,Waterford,1,42.0,,-72.1385,41.3459,
Newport,Newport,1,25.0,,-71.3109,41.4926,
Pulaski,Saint Robert,1,215.0,,-92.1415,37.8225,
Richmond,Augusta,1,38.0,,-82.0655,33.481,
Snohomish,Martha Lake,1,215.0,,-122.2798,47.8573,
Shelby,Arlington,1,215.0,,-89.6746,35.2917,
Skagit,Marblemount,1,42.0,,-121.416,48.5274,
Kern,Edwards,1,100.0,,-117.9391,34.9278,
Kitsap,Belfair,1,25.0,,-122.828,47.45,
Klickitat,Alderdale,1,215.0,,-119.769,46.2066,
Klickitat,Appleton,1,39.0,,-121.2854,45.6939,
Klickitat,Maryhill,1,42.0,,-120.8254,45.823,
Klickitat,Northwestern Lake,1,215.0,,-121.487,45.7278,
Shelby,Memphis,1,21.0,,-90.0414,35.1505,
Sedgwick,Derby,1,21.0,,-97.2701,37.5453,
Skagit,Rockport,1,259.0,,-121.5927,48.4876,
Klickitat,Roosevelt,1,28.0,,-120.8254,45.823,
Saratoga,Saratoga Springs,1,42.0,,-73.7844,43.0841,
Saratoga,Greenfield Center,1,200.0,,-73.8464,43.1284,
Sarasota,Sarasota,1,220.0,,-82.559,27.2734,
Santa Cruz,Rio Rico,1,215.0,,-110.9823,31.4752,
Santa Clara,Palo Alto,1,215.0,,-122.1257,37.4472,
Kootenai,Rathdrum,1,26.0,,-116.8964,47.8114,
Santa Clara,Morgan Hill,1,42.0,,-121.6619,37.1261,
Kern,California City,1,215.0,,-117.9856,35.1289,
Kent,Greene,1,215.0,,-71.7461,41.6966,
Riverside,Cathedral City,1,215.0,,-116.4644,33.781,
Hudson,Harrison,1,215.0,,-74.1584,40.7462,
Henrico,Henrico,1,42.0,,-77.3778,37.5183,
Hoke,Raeford,1,215.0,,-79.224,34.9786,
Honolulu,Ewa Beach,1,25.0,,-158.0083,21.3143,
Houston,Warner Robins,1,215.0,,-83.5936,32.6186,
Howard,Dayton,1,53.0,,-76.9918,39.2416,
Orange,Lake Forest,1,291.0,,-117.7174,33.6283,
Howard,Woodbine,1,215.0,,-77.0641,39.3581,
Jackson,Ocean Springs,1,215.0,,-88.8076,30.4163,
Kent,Dover,1,42.0,,-75.5247,39.158,
James City,Toano,1,215.0,,-76.8054,37.381,
Jefferson,Evans Mills,1,215.0,,-75.8098,44.091,
Jefferson,Gardiner,1,258.0,,-123.1037,48.0796,
Jefferson,Watertown,1,215.0,,-75.814,44.0446,
Johnson,Warrensburg,1,215.0,,-93.7412,38.7712,
Kane,Geneva,1,215.0,,-88.3051,41.8874,
Kauai,Kekaha,1,22.0,,-159.7129,21.966,
Skagit,Stanwood,1,215.0,,-122.3726,48.2416,
Kootenai,Worley,1,215.0,,-116.919,47.4008,
San Mateo,San Mateo,1,215.0,,-122.3299,37.5565,
San Bernardino,Rancho Cucamonga,1,215.0,,-117.5344,34.1094,
San Bernardino,Helendale,1,215.0,,-117.3221,34.7449,
Los Angeles,El Monte,1,215.0,,-118.0207,34.0532,
San Bernardino,Barstow,1,32.0,,-117.0255,34.8931,
Los Angeles,Gardena,1,19.0,,-118.3196,33.8975,
Saginaw,Saginaw,1,25.0,,-84.0247,43.4448,
Sacramento,Sacramento,1,215.0,,-121.4984,38.6244,
Sacramento,Folsom,1,215.0,,-121.1628,38.6818,
Los Angeles,Lancaster,1,215.0,,-118.1805,34.6853,
San Mateo,Redwood City,1,215.0,,-122.2277,37.4845,
Riverside,Winchester,1,42.0,,-117.085,33.7107,
Riverside,Wildomar,1,215.0,,-117.2624,33.6124,
Riverside,Temecula,1,42.0,,-117.1546,33.5361,
Los Angeles,Pacific Palisades,1,215.0,,-118.5269,34.0471,
Riverside,Palm Springs,1,215.0,,-116.5455,33.7724,
Riverside,Murrieta,1,215.0,,-117.1595,33.5502,
Riverside,Moreno Valley,1,215.0,,-117.2292,33.9475,
Riverside,Menifee,1,215.0,,-117.1742,33.7464,
Los Angeles,Culver City,1,42.0,,-118.3959,34.022,
Los Angeles,Calabasas,1,84.0,,-118.6933,34.1523,
San Diego,Encinitas,1,215.0,,-117.2926,33.0459,
San Diego,Escondido,1,215.0,,-117.0602,33.1421,
San Mateo,Pacifica,1,215.0,,-122.492,37.6353,
San Luis Obispo,Arroyo Grande,1,42.0,,-120.5768,35.1244,
Lake,Buffalo Grove,1,215.0,,-87.9661,42.1538,
Lake,Great Lakes,1,215.0,,-87.8622,42.3085,
Lake,Highland Park,1,215.0,,-87.7992,42.1857,
Lake,Lake Zurich,1,215.0,,-88.0913,42.1975,
Larimer,Timnath,1,215.0,,-104.9823,40.5298,
Lee,Smiths Station,1,220.0,,-85.0896,32.5409,
Lincoln,Almira,1,215.0,,-118.9402,47.7109,
San Juan,Deer Harbor,1,238.0,,-123.0003,48.6199,
Lincoln,Edwall,1,322.0,,-117.9511,47.5052,
Lincoln,Newport,1,215.0,,-124.0577,44.6323,
Los Angeles,Arcadia,1,220.0,,-118.0279,34.1455,
San Diego,Fallbrook,1,215.0,,-117.2532,33.3847,
Yuba,Olivehurst,1,215.0,,-121.5513,39.101,
